<?xml version="1.0" encoding="utf-8"?>
<databaseChangeLog
    xmlns="http://www.liquibase.org/xml/ns/dbchangelog"
    xmlns:xsi="http://www.w3.org/2001/XMLSchema-instance"
    xsi:schemaLocation="http://www.liquibase.org/xml/ns/dbchangelog http://www.liquibase.org/xml/ns/dbchangelog/dbchangelog-3.1.xsd">

    <property name="now" value="now()" dbms="mysql,h2"/>
    <property name="now" value="current_timestamp" dbms="postgresql"/>

    <!--
        Added the entity Thirdparty.
    -->
    <changeSet id="20150615195216" author="jhipster">
        <createTable tableName="T_THIRDPARTY">
            <column name="id" type="bigint" autoIncrement="true">
                <constraints primaryKey="true" nullable="false"/>
            </column>
            <column name="name" type="varchar(255)"/>
            <column name="type" type="varchar(15)"/>
            <column name="address" type="varchar(255)"/>
            <column name="zip_code" type="varchar(10)"/>
        </createTable>
        
    </changeSet>
</databaseChangeLog>
