<?xml version="1.0" encoding="utf-8"?>
<databaseChangeLog
    xmlns="http://www.liquibase.org/xml/ns/dbchangelog"
    xmlns:xsi="http://www.w3.org/2001/XMLSchema-instance"
    xsi:schemaLocation="http://www.liquibase.org/xml/ns/dbchangelog http://www.liquibase.org/xml/ns/dbchangelog/dbchangelog-3.1.xsd">

    <property name="now" value="now()" dbms="mysql,h2"/>
    <property name="now" value="current_timestamp" dbms="postgresql"/>

    <!--
        Added the entity Product.
    -->
    <changeSet id="20150307180210" author="jhipster">
        <createTable tableName="T_PRODUCT">
            <column name="id" type="bigint" autoIncrement="true">
                <constraints primaryKey="true" nullable="false"/>
            </column>
            <column name="name" type="varchar(255)"/>
            <column name="short_descr" type="varchar(255)"/>
            <column name="long_descr" type="varchar(255)"/>
            <column name="photo_url" type="varchar(255)"/>
            <column name="price" type="decimal(10,2)"/>
        </createTable>
        
    </changeSet>
</databaseChangeLog>
