<?xml version="1.0" encoding="utf-8"?>
<databaseChangeLog
    xmlns="http://www.liquibase.org/xml/ns/dbchangelog"
    xmlns:xsi="http://www.w3.org/2001/XMLSchema-instance"
    xsi:schemaLocation="http://www.liquibase.org/xml/ns/dbchangelog http://www.liquibase.org/xml/ns/dbchangelog/dbchangelog-3.1.xsd">

    <property name="now" value="now()" dbms="mysql,h2"/>
    <property name="now" value="current_timestamp" dbms="postgresql"/>

    <!--
        Added the entity Portfolio.
    -->
    <changeSet id="20150615195318" author="jhipster">
        <createTable tableName="T_PORTFOLIO">
            <column name="id" type="bigint" autoIncrement="true">
                <constraints primaryKey="true" nullable="false"/>
            </column>
            <column name="type" type="varchar(10)"/>
            <column name="name" type="varchar(256)"/>
            <column name="thirdparty_id" type="bigint"/>
        </createTable>
        
        <addForeignKeyConstraint baseColumnNames="thirdparty_id"
                                 baseTableName="T_PORTFOLIO"
                                 constraintName="fk_portfolio_thirdparty_id"
                                 referencedColumnNames="id"
                                 referencedTableName="T_THIRDPARTY"/>
    </changeSet>
</databaseChangeLog>
