<?xml version="1.0" encoding="utf-8"?>
<databaseChangeLog
    xmlns="http://www.liquibase.org/xml/ns/dbchangelog"
    xmlns:xsi="http://www.w3.org/2001/XMLSchema-instance"
    xsi:schemaLocation="http://www.liquibase.org/xml/ns/dbchangelog http://www.liquibase.org/xml/ns/dbchangelog/dbchangelog-3.1.xsd">

    <include file="classpath:config/liquibase/changelog/00000000000000_initial_schema.xml" relativeToChangelogFile="false"/>
    <include file="classpath:config/liquibase/changelog/20150307180210_added_entity_Product.xml" relativeToChangelogFile="false"/>
    <include file="classpath:config/liquibase/changelog/20150615195216_added_entity_Thirdparty.xml" relativeToChangelogFile="false"/>
    <include file="classpath:config/liquibase/changelog/20150615195318_added_entity_Portfolio.xml" relativeToChangelogFile="false"/>
    <include file="classpath:config/liquibase/changelog/20150615195500_added_entity_Instrument.xml" relativeToChangelogFile="false"/>
    <include file="classpath:config/liquibase/changelog/20150615200010_added_entity_FinOperation.xml" relativeToChangelogFile="false"/>
    <include file="classpath:config/liquibase/changelog/20150615200527_added_entity_PortfolioInstrumentPosition.xml" relativeToChangelogFile="false"/>
    <include file="classpath:config/liquibase/changelog/20150615200813_added_entity_AuthorizedPortfolioOperation.xml" relativeToChangelogFile="false"/>
    <include file="classpath:config/liquibase/changelog/20150615_importData.xml" relativeToChangelogFile="false"/>
    <!-- JHipster will add liquibase changelogs here -->
</databaseChangeLog>
